{"train/decode.loss_ce": 0.37900742292404177, "train/decode.acc_seg": 87.87569274902344, "train/aux.loss_ce": 0.19321148246526718, "train/aux.acc_seg": 85.22705917358398, "train/loss": 0.5722189009189605, "train/grad_norm": 2.008229112625122, "learning_rate": 6.162786611623254e-07, "momentum": 0.9, "_runtime": 8544, "_timestamp": 1635138004, "_step": 3261, "val/aAcc": 0.8456999999999999, "val/mIoU": 0.2755, "val/mAcc": 0.3488, "val/IoU.Background": 0.8926999664306641, "val/IoU.General trash": 0.25489999771118166, "val/IoU.Paper": 0.513499984741211, "val/IoU.Paper pack": 0.12149999618530273, "val/IoU.Metal": 0.07619999885559083, "val/IoU.Glass": 0.1434000015258789, "val/IoU.Plastic": 0.1477999973297119, "val/IoU.Styrofoam": 0.2543000030517578, "val/IoU.Plastic bag": 0.5795999908447266, "val/IoU.Battery": 0.0, "val/IoU.Clothing": 0.04630000114440918, "val/Acc.Background": 0.9661000061035157, "val/Acc.General trash": 0.3561000061035156, "val/Acc.Paper": 0.6793000030517579, "val/Acc.Paper pack": 0.15550000190734864, "val/Acc.Metal": 0.11079999923706055, "val/Acc.Glass": 0.22680000305175782, "val/Acc.Plastic": 0.20299999237060548, "val/Acc.Styrofoam": 0.35189998626708985, "val/Acc.Plastic bag": 0.7355000305175782, "val/Acc.Battery": 0.0, "val/Acc.Clothing": 0.052300000190734865, "_wandb": {"runtime": 8542}}