{"train/decode.loss_ce": 0.05373645294457674, "train/decode.acc_seg": 86.84844970703125, "train/aux.loss_ce": 0.02889079600572586, "train/aux.acc_seg": 86.36593780517578, "train/loss": 0.08262724876403808, "train/grad_norm": 0.94678935110569, "learning_rate": 1.1980317862086414e-05, "momentum": 0.9, "_runtime": 15435, "_timestamp": 1635153466, "_step": 10427, "val/aAcc": 0.9451, "val/mIoU": 0.6898000000000001, "val/mAcc": 0.8039000000000001, "val/IoU.Background": 0.9661000061035157, "val/IoU.General trash": 0.47, "val/IoU.Paper": 0.8125, "val/IoU.Paper pack": 0.5716999816894531, "val/IoU.Metal": 0.5866999816894531, "val/IoU.Glass": 0.5829999923706055, "val/IoU.Plastic": 0.5006000137329102, "val/IoU.Styrofoam": 0.7944000244140625, "val/IoU.Plastic bag": 0.8701999664306641, "val/IoU.Battery": 0.7962999725341797, "val/IoU.Clothing": 0.6361999893188477, "val/Acc.Background": 0.9851000213623047, "val/Acc.General trash": 0.5506999969482422, "val/Acc.Paper": 0.9061000061035156, "val/Acc.Paper pack": 0.6986000061035156, "val/Acc.Metal": 0.715999984741211, "val/Acc.Glass": 0.7709999847412109, "val/Acc.Plastic": 0.7079000091552734, "val/Acc.Styrofoam": 0.8401999664306641, "val/Acc.Plastic bag": 0.9272000122070313, "val/Acc.Battery": 0.9390000152587891, "val/Acc.Clothing": 0.8015000152587891}